protocols,ip,port
socks5,5.202.120.214,5678
socks5,200.152.100.194,1080
socks5,128.199.131.98,18182
socks5,106.75.189.147,999
socks5,117.94.221.78,1080
socks5,85.15.65.70,1080
socks5,50.116.8.96,17477
socks5,138.0.53.101,5678
socks5,206.189.212.114,7497
socks5,37.235.31.27,9091
socks5,104.18.166.99,13335
socks5,54.38.195.161,63851
socks5,157.185.157.151,26589
socks5,165.225.240.95,10605
socks5,103.51.46.251,13381
socks5,51.15.190.163,14522
socks5,157.185.168.87,26589
socks5,192.163.252.85,52119
socks5,206.189.9.30,42331
socks5,47.243.95.228,10080
socks5,80.78.23.49,1080
socks5,188.120.248.106,7497
socks5,172.67.69.9,80
socks5,103.76.190.210,58275
socks5,43.153.55.253,443
socks5,95.68.225.138,1080
socks5,45.8.105.58,80
socks5,89.19.177.197,1080
socks5,46.32.230.136,7497
socks5,70.34.222.80,1080
socks5,154.197.128.161,3128
socks5,178.79.144.186,8080
socks5,172.247.149.170,53110
socks5,115.159.65.66,7302
socks5,216.107.129.135,10180
socks5,183.88.78.114,8080
socks5,203.142.77.74,5678
socks5,5.188.226.250,36762
socks5,101.231.66.130,80
socks5,116.62.240.85,7890
socks5,41.90.242.102,5678
socks5,204.57.112.5,80
socks5,117.86.138.13,20012
socks5,159.192.233.69,4145
socks5,171.244.10.204,55145
socks5,115.209.108.70,3000
socks5,51.254.32.143,80
socks5,185.49.87.116,3128
socks5,173.82.168.200,17855
socks5,120.46.137.97,8080
socks5,86.48.13.95,3128
socks5,80.210.58.174,5678
socks5,207.180.198.90,16791
socks5,172.67.181.144,80
socks5,192.154.194.99,9000
socks5,119.23.108.149,6111
socks5,125.229.3.41,80
socks5,45.77.111.135,15082
socks5,209.97.160.204,14061
socks5,31.13.33.4,8080
socks5,45.77.210.72,11874
socks5,51.210.43.253,7497
socks5,66.42.60.190,21358
socks5,159.223.117.14,24006
socks5,51.83.133.132,22027
socks5,43.153.29.34,443
socks5,36.70.255.140,8080
socks5,138.68.135.103,3128
socks5,206.189.85.92,7497
socks5,165.227.82.7,24668
socks5,175.139.208.117,8080
socks5,188.166.217.4,20278
socks5,43.153.174.197,443
socks5,5.252.177.254,12020
socks5,47.243.190.17,8000
socks5,104.20.75.69,80
socks5,91.241.130.127,8080
socks5,222.124.177.148,7497
socks5,117.83.173.216,23456
socks5,173.255.202.28,39319
socks5,104.16.241.204,80
socks5,159.192.232.226,52335
socks5,185.162.93.62,9050
socks5,187.95.82.57,26269
socks5,51.210.240.92,19144
socks5,165.225.94.122,10605
socks5,104.17.197.90,2057
socks5,115.76.248.226,8080
socks5,144.202.5.48,10053
socks5,114.242.125.237,1080
socks5,114.231.8.16,1080
socks5,138.197.203.84,7497
socks5,103.86.200.48,5678
socks5,121.234.63.215,24388
socks5,176.103.51.24,30421
socks5,104.24.220.52,80
socks5,62.171.135.216,50037
socks5,116.58.224.33,8080
socks5,193.252.50.1,3820
socks5,149.28.155.28,62963
socks5,171.104.143.56,33080
socks5,72.52.131.65,80
socks5,71.221.30.180,17330
socks5,45.196.150.195,5432
socks5,49.75.17.108,44844
socks5,45.142.182.99,1080
socks5,159.65.253.201,51080
socks5,92.124.143.26,1080
socks5,128.199.142.101,14061
socks5,43.153.52.178,443
socks5,195.154.61.36,57438
socks5,116.105.165.83,1080
socks5,203.28.9.107,80
socks5,208.113.153.30,46293
socks5,150.158.135.201,24289
socks5,139.59.128.40,2016
socks5,185.105.237.129,808
socks5,108.26.234.210,9050
socks5,139.59.58.141,7497
socks5,47.49.228.234,80
socks5,103.75.185.134,6359
socks5,185.162.229.127,80
socks5,138.0.89.154,999
socks5,46.101.159.153,52570
socks5,94.199.108.66,62311
socks5,172.104.154.229,1082
socks5,185.200.38.235,10820
socks5,187.191.53.155,7497
socks5,8.210.150.195,26666
socks5,144.126.217.189,12345
socks5,62.171.137.122,61568
socks5,104.16.143.127,80
socks5,5.189.179.57,57238
socks5,119.28.74.177,10004
socks5,104.24.15.158,80
socks5,47.117.138.120,1080
socks5,78.38.108.199,1080
socks5,31.128.248.2,1080
socks5,109.227.6.197,4145
socks5,172.67.25.204,80
socks5,185.200.38.229,10820
socks5,45.81.225.94,30001
socks5,178.128.151.87,40081
socks5,103.82.20.108,51980
socks5,157.245.77.149,2817
socks5,193.105.124.46,1080
socks5,103.214.112.86,32323
socks5,103.250.73.178,8444
socks5,111.220.90.41,40938
socks5,173.236.188.26,54262
socks5,45.77.4.241,9050
socks5,8.210.206.32,47161
socks5,104.23.107.172,80
socks5,95.38.75.146,2120
socks5,202.58.199.204,5678
socks5,62.109.31.192,20000
socks5,213.149.103.133,61859
socks5,185.162.231.254,80
socks5,37.235.48.19,80
socks5,41.66.252.134,53281
socks5,43.134.164.175,443
socks5,217.115.115.247,56792
socks5,69.163.162.253,20676
socks5,185.200.38.236,10820
socks5,100.2.109.83,8080
socks5,104.25.194.175,80
socks5,5.161.42.131,97
socks5,185.173.106.113,8080
socks5,206.72.206.45,1080
socks5,177.93.78.9,26316
socks5,114.106.137.191,38801
socks5,94.101.179.153,9050
socks5,62.179.9.19,6830
socks5,139.59.99.83,80
socks5,173.236.181.192,24310
socks5,38.127.179.219,46656
socks5,222.95.242.184,4134
socks5,178.249.218.34,5678
socks5,119.91.214.119,3389
socks5,110.243.2.186,9999
socks5,143.198.237.236,9050
socks5,119.186.69.87,38801
socks5,60.165.35.64,7302
socks5,43.128.232.224,31993
socks5,172.67.38.96,80
socks5,43.128.40.142,65533
socks5,93.158.202.194,50673
socks5,161.97.118.197,3128
socks5,43.153.170.84,443
socks5,64.90.50.79,64862
socks5,138.201.248.43,31043
socks5,8.219.150.127,443
socks5,185.172.129.13,7497
socks5,104.25.234.81,80
socks5,165.154.92.12,3512
socks5,128.199.150.158,3128
socks5,51.210.21.189,1080
socks5,103.90.231.93,40797
socks5,43.128.51.21,8765
socks5,146.56.150.146,32241
socks5,128.199.149.20,64830
socks5,121.62.60.205,20170
socks5,104.223.45.93,80
socks5,212.129.42.252,60111
socks5,38.127.172.186,174
socks5,203.30.188.247,80
socks5,103.59.190.2,58678
socks5,192.154.246.96,9000
socks5,198.211.99.26,9300
socks5,200.140.83.108,6588
socks5,64.90.48.27,24650
socks5,5.252.179.222,32109
socks5,68.183.17.152,8016
socks5,61.4.234.239,8080
socks5,43.152.192.217,443
socks5,180.183.69.89,8080
socks5,122.70.153.17,24138
socks5,81.169.187.194,80
socks5,135.125.56.179,25165
socks5,43.128.62.125,23642
socks5,104.21.194.182,80
socks5,202.29.237.187,7497
socks5,216.107.129.214,10180
socks5,195.2.71.201,16072
socks5,103.135.248.43,18880
socks5,114.99.7.106,8004
socks5,122.146.1.61,1080
socks5,151.80.33.46,7497
socks5,217.12.201.56,11337
socks5,43.129.210.41,10809
socks5,85.37.200.4,5678
socks5,199.87.210.189,10601
socks5,5.9.149.69,24940
socks5,1.10.183.22,8080
socks5,103.109.56.209,15108
socks5,91.226.35.37,5678
socks5,170.238.79.2,7497
socks5,222.217.74.162,1111
socks5,222.129.33.67,1080
socks5,101.71.154.251,1080
socks5,183.89.13.111,8080
socks5,198.251.89.198,51675
socks5,188.165.201.173,51102
socks5,205.185.119.188,5555
socks5,187.190.113.179,5678
socks5,147.135.36.162,57752
socks5,69.163.166.113,19761
socks5,192.99.13.83,45250
socks5,138.68.132.158,8118
socks5,117.86.111.68,1080
socks5,135.125.30.135,42625
socks5,165.154.227.154,5096
socks5,34.64.4.99,80
socks5,178.245.138.187,3128
socks5,35.222.120.139,8000
socks5,222.186.50.204,1080
socks5,111.1.36.166,82
socks5,180.183.1.84,8080
socks5,177.55.57.69,3128
socks5,85.199.71.66,8080
socks5,8.210.119.213,3304
socks5,76.120.215.137,4252
socks5,143.198.152.50,12345
socks5,170.150.159.18,3389
socks5,138.68.236.23,3128
socks5,43.129.207.123,3001
socks5,173.212.220.213,4392
socks5,5.130.89.32,1080
socks5,117.54.201.91,9340
socks5,223.199.16.104,9999
socks5,38.127.172.219,55994
socks5,104.21.80.83,80
socks5,95.179.232.45,15737
socks5,104.16.207.86,80
socks5,43.130.47.27,21127
socks5,190.214.50.158,55617
socks5,104.20.123.164,80
socks5,185.25.119.98,43725
socks5,5.9.154.177,30000
socks5,128.199.114.221,60879
socks5,110.81.64.23,21212
socks5,172.67.209.12,80
socks5,114.132.243.168,7890
socks5,5.161.86.206,1080
socks5,139.255.41.122,2135
socks5,58.55.134.85,1080
socks5,152.32.186.145,1080
socks5,49.51.22.107,443
socks5,104.17.2.81,104
socks5,148.72.210.73,23202
socks5,54.38.151.84,56789
socks5,159.223.117.140,24006
socks5,109.195.187.178,9150
socks5,47.90.200.204,19527
socks5,192.154.195.76,9000
socks5,94.130.182.121,5566
socks5,139.59.6.54,54571
socks5,176.58.121.182,3128
socks5,93.115.148.208,5678
socks5,46.105.108.208,28477
socks5,180.122.151.182,28643
socks5,104.18.251.208,80
socks5,116.58.232.80,8080
socks5,172.67.181.103,80
socks5,5.252.177.252,21754
socks5,103.76.210.85,5678
socks5,103.120.135.229,33427
socks5,112.250.106.50,7302
socks5,107.173.185.72,80
socks5,177.234.212.90,999
socks5,89.33.8.118,11221
socks5,119.82.226.232,7497
socks5,101.51.196.145,4145
socks5,2.62.139.82,1080
socks5,128.199.16.89,53989
socks5,139.59.249.213,60432
socks5,176.9.32.90,39433
socks5,181.5.219.244,7071
socks5,41.139.16.114,1080
socks5,95.78.119.94,1080
socks5,172.64.86.217,80
socks5,89.111.133.217,9151
socks5,47.242.40.222,8888
socks5,168.227.143.64,10086
socks5,104.197.84.43,80
socks5,111.67.197.147,6666
socks5,104.129.199.57,8800
socks5,159.65.116.119,30199
socks5,47.243.138.23,8888
socks5,167.172.23.19,64065
socks5,193.70.113.238,18545
socks5,51.75.83.94,1080
socks5,182.160.5.234,1080
socks5,38.127.172.95,46656
socks5,185.139.155.155,1976
socks5,149.154.69.203,3080
socks5,158.181.138.19,8081
socks5,167.86.76.187,7497
socks5,43.153.175.132,443
socks5,172.67.181.234,13335
socks5,104.21.85.200,80
socks5,165.231.101.229,80
socks5,50.116.14.201,7497
socks5,43.153.55.205,443
socks5,38.127.179.34,11537
socks5,113.86.204.187,44844
socks5,103.53.228.217,7497
socks5,137.184.102.16,18240
socks5,111.75.57.220,20015
socks5,190.113.12.75,3389
socks5,109.87.183.226,4145
socks5,47.74.18.0,38080
socks5,216.80.120.100,3820
socks5,5.9.144.19,24940
socks5,188.92.242.99,8088
socks5,188.92.242.106,8088
socks5,159.69.43.215,22139
socks5,193.203.61.35,8443
socks5,36.75.16.40,4153
socks5,34.110.150.54,3128
socks5,75.119.159.251,28210
socks5,36.94.35.245,5678
socks5,5.189.140.102,7497
socks5,38.127.179.249,11537
socks5,178.32.116.232,57123
socks5,171.97.40.215,8080
socks5,37.187.73.136,56137
socks5,104.16.105.207,80
socks5,139.59.66.145,41458
socks5,185.237.10.250,20213
socks5,104.21.66.184,80
socks5,188.133.153.60,8080
socks5,103.111.55.58,8060
socks5,110.42.188.54,2080
socks5,142.93.167.100,61042
socks5,203.24.109.130,80
socks5,94.74.121.234,1080
socks5,37.192.118.80,1080
socks5,178.44.113.205,53281
socks5,5.39.19.152,46529
socks5,135.181.78.38,60063
socks5,113.108.247.146,20086
socks5,69.163.166.93,3838
socks5,104.17.50.45,80
socks5,104.19.171.188,80
socks5,202.6.225.92,1080
socks5,184.178.172.13,15311
socks5,45.112.125.62,4145
socks5,185.36.132.223,9050
socks5,62.171.166.158,64734
socks5,149.28.122.98,46560
socks5,157.185.173.217,26589
socks5,64.90.54.17,63770
socks5,74.33.175.72,8080
socks5,128.199.59.76,29321
socks5,101.33.200.32,8000
socks5,85.143.213.2,9050
socks5,111.68.31.130,3128
socks5,110.136.167.118,8080
socks5,43.157.17.146,443
socks5,210.4.194.196,80
socks5,173.212.206.86,55405
socks5,49.156.34.190,24492
socks5,38.127.179.126,46656
socks5,82.165.137.115,7061
socks5,43.154.49.67,9999
socks5,153.127.42.160,3128
socks5,200.77.186.181,4145
socks5,51.159.105.70,8080
socks5,161.35.179.193,59761
socks5,185.105.237.38,1080
socks5,51.210.5.69,7497
socks5,161.35.229.155,61658
socks5,103.124.136.138,3125
socks5,216.107.129.72,10180
socks5,188.166.231.51,7497
socks5,87.236.232.231,8080
socks5,38.127.179.19,55994
socks5,198.199.109.36,31049
socks5,61.177.74.118,20001
socks5,157.185.170.32,26589
socks5,200.97.76.186,8080
socks5,61.130.151.230,7302
socks5,1.179.220.211,7497
socks5,212.200.161.241,5678
socks5,69.163.165.253,47876
socks5,180.120.79.221,44844
socks5,117.26.40.70,2829
socks5,147.182.229.154,7497
socks5,153.99.224.114,1080
socks5,35.196.18.239,80
socks5,31.220.54.116,80
socks5,208.91.197.18,40034
socks5,172.67.182.96,80
socks5,193.169.4.184,10801
socks5,75.119.150.125,13096
socks5,203.24.109.80,80
socks5,91.135.80.66,33427
socks5,43.153.172.98,443
socks5,43.134.225.110,443
socks5,206.189.15.100,54330
socks5,181.129.186.130,5678
socks5,203.23.104.167,80
socks5,51.195.209.238,1080
socks5,37.99.224.225,7497
socks5,68.183.88.14,7497
socks5,185.6.10.248,36627
socks5,47.98.151.6,16144
socks5,104.19.217.219,80
socks5,106.14.207.142,8081
socks5,178.254.18.11,57335
socks5,104.16.106.65,80
socks5,43.153.56.181,443
socks5,45.77.194.89,38869
socks5,47.242.149.229,443
socks5,51.89.14.193,8080
socks5,103.23.100.1,4145
socks5,194.79.44.158,3128
socks5,49.51.98.58,443
socks5,194.116.72.46,7497
socks5,47.242.53.34,39427
socks5,119.186.73.105,38801
socks5,182.253.159.153,8080
socks5,218.2.112.243,80
socks5,200.152.107.98,1080
socks5,173.212.196.229,9055
socks5,79.154.189.19,8080
socks5,114.220.154.35,44844
socks5,176.102.70.102,1080
socks5,150.230.96.150,19291
socks5,121.205.69.243,21212
socks5,120.24.194.9,37963
socks5,82.66.49.123,80
socks5,157.245.206.70,10802
socks5,51.91.151.47,53341
socks5,47.243.207.3,33967
socks5,95.217.52.14,55445
socks5,107.150.50.226,56970
socks5,5.201.140.196,1080
socks5,147.139.133.15,61524
socks5,27.184.145.168,21212
socks5,43.134.237.216,443
socks5,43.153.174.137,443
socks5,106.75.171.132,3000
socks5,120.24.52.179,3128
socks5,49.51.74.61,21127
socks5,186.188.43.25,5678
socks5,43.153.73.157,443
socks5,172.67.255.224,80
socks5,43.157.53.107,443
socks5,139.162.151.176,9050
socks5,112.45.121.199,8123
socks5,37.228.129.57,22122
socks5,71.167.151.15,8080
socks5,43.130.199.69,443
socks5,79.9.90.134,1080
socks5,51.178.51.28,7497
socks5,51.68.93.11,46979
socks5,178.154.228.16,9050
socks5,159.89.173.152,49467